{
  "urls": [
    "audio4.mp3",
    "audio4.m4a",
    "audio4.ogg"
  ],
  "sprite": {
    "HelpPageOpen": [
      0,
      1919.7732426303855
    ],
    "Hit4": [
      2050,
      1999.6598639455785
    ],
    "Reveal1": [
      4100,
      1417.7777777777774
    ]
  }
}