{
  "urls": [
    "audio2.mp3",
    "audio2.m4a",
    "audio2.ogg"
  ],
  "sprite": {
    "ButtonBetUp": [
      0,
      191.2925170068027
    ],
    "Match2": [
      1050,
      1365.328798185941
    ],
    "Hit2": [
      3100,
      1277.4603174603176
    ],
    "Reveal1": [
      5150,
      1417.7777777777774
    ]
  }
}