{
  "urls": [
    "audio6.mp3",
    "audio6.m4a",
    "audio6.ogg"
  ],
  "sprite": {
    "Win": [
      0,
      3058.6621315192747
    ],
    "Miss1": [
      4050,
      822.9705215419498
    ]
  }
}