{
  "urls": [
    "audio1.mp3",
    "audio1.m4a",
    "audio1.ogg"
  ],
  "sprite": {
    "ButtonBetDown": [
      0,
      238.59410430839
    ],
    "Match1": [
      1050,
      1130.9297052154193
    ],
    "Hit1": [
      3099.9999999999995,
      1277.4603174603171
    ],
    "Reveal1": [
      5149.999999999999,
      1349.047619047619
    ]
  }
}