{
  "urls": [
    "audio5.mp3",
    "audio5.m4a",
    "audio5.ogg"
  ],
  "sprite": {
    "Hit5": [
      0,
      3819.0929705215417
    ],
    "ButtonGeneric": [
      4050,
      900.0000000000003
    ],
    "Reveal1": [
      5100.000000000001,
      1417.7777777777783
    ]
  }
}