{
  "urls": [
    "audio3.mp3",
    "audio3.m4a",
    "audio3.ogg"
  ],
  "sprite": {
    "ButtonBetMax": [
      0,
      855.5328798185941
    ],
    "Match3": [
      1050,
      9810.47619047619
    ],
    "Hit3": [
      11100.000000000002,
      1500
    ],
    "Reveal1": [
      13150.000000000002,
      1417.7777777777774
    ]
  }
}