{
  "urls": [
    "audio8.mp3",
    "audio8.m4a",
    "audio8.ogg"
  ],
  "sprite": {
    "Select": [
      0,
      357.48299319727886
    ],
    "GameInit": [
      1050,
      7125.011337868481
    ],
    "Miss3": [
      9100.000000000002,
      929.7052154195011
    ]
  }
}